{
    "massfit": {
        "parameters": {
            "p2": [
                -44.57641000362431,
                6.555843898882072
            ],
            "p1": [
                23.23609938602154,
                1.3165340324962571
            ]
        },
        "OmegacXXsigma": [
            [
                0.8368854384115514,
                0.0521971097257725
            ],
            [
                1.7106811663555546,
                0.12769898015816847
            ],
            [
                1.9361328085014802,
                0.15441212414127028
            ],
            [
                2.252406659810493,
                0.2012944837378948
            ],
            [
                2.555042335468371,
                0.2638044834069749
            ],
            [
                2.976176345914574,
                0.44955734610326353
            ]
        ]
    },
    "momentumfit": {
        "parameters": {
            "p2": [
                0.000002908188024290476,
                9.284371704605697e-7
            ],
            "p1": [
                0.0034000897227950194,
                0.0004522189159008652
            ]
        },
        "OmegacXXsigma": [
            [
                0.9876598420886551,
                0.12151126477692205
            ],
            [
                1.629372563259949,
                0.2063872825733996
            ],
            [
                1.8030140061389999,
                0.23087130767029557
            ],
            [
                2.0668289458971807,
                0.26929314407578114
            ],
            [
                2.361172050795879,
                0.31383154015427295
            ],
            [
                3.0192586584939742,
                0.41923567399177386
            ]
        ]
    }
}